date,side,tag,entry_time,entry,stop,target,qty,exit_time,exit,pnl,r,result
2023-01-05,-1,FC,2023-01-05 09:35:00-05:00,10785.589,10812.0,10518.75,2,2023-01-05 09:55:00-05:00,10785.839,-4.2,-0.009465752905986122,BE
2023-01-06,1,FC,2023-01-06 09:35:00-05:00,10848.607,10827.0,11063.5,3,2023-01-06 09:36:00-05:00,10826.75,-135.94199999999984,-1.011570324431897,SL
2023-01-10,1,FC,2023-01-10 09:35:00-05:00,11162.559,11136.0,11414.0,2,2023-01-10 09:37:00-05:00,11135.75,-110.43599999999715,-1.009413005007719,SL
2023-01-25,-1,FC,2023-01-25 09:35:00-05:00,11626.029,11649.0,11394.5,3,2023-01-25 09:40:00-05:00,11649.25,-144.1259999999973,-1.0108832876235256,SL
2023-01-27,1,FC,2023-01-27 09:35:00-05:00,12026.497,12003.25,12255.5,3,2023-01-27 15:54:00-05:00,12183.627,937.9800000000062,6.759151718501534,TIME
2023-01-31,1,FC,2023-01-31 09:35:00-05:00,11970.369,11947.25,12194.75,3,2023-01-31 09:36:00-05:00,11947.0,-145.0140000000036,-1.0108136165059038,SL
2023-02-02,1,FC,2023-02-02 09:35:00-05:00,12660.587,12636.0,12904.0,2,2023-02-02 09:36:00-05:00,12635.75,-102.54799999999814,-1.0101679749461099,SL
2023-02-06,1,FC,2023-02-06 09:35:00-05:00,12506.899,12480.5,12760.75,2,2023-02-06 09:37:00-05:00,12480.25,-109.79599999999773,-1.0094700556839276,SL
2023-02-10,1,FC,2023-02-10 09:35:00-05:00,12326.907,12300.0,12593.5,2,2023-02-10 09:40:00-05:00,12299.75,-111.82799999999698,-1.0092912624967483,SL
2023-02-14,-1,FC,2023-02-14 09:35:00-05:00,12403.559,12429.5,12138.75,2,2023-02-14 09:37:00-05:00,12429.75,-107.96400000000286,-1.009637253768166,SL
2023-04-06,-1,FC,2023-04-06 09:35:00-04:00,12854.989,12881.25,12597.0,2,2023-04-06 10:00:00-04:00,12881.5,-109.24400000000169,-1.0095198202657931,SL
2023-08-02,-1,FC,2023-08-02 09:35:00-04:00,15529.079,15552.5,15305.25,3,2023-08-02 15:54:00-04:00,15374.579,922.2,6.596644037402253,TIME
2023-08-04,1,FC,2023-08-04 09:35:00-04:00,15468.189,15446.0,15689.25,3,2023-08-04 09:41:00-04:00,15445.75,-139.43400000000184,-1.0112668439316777,SL
2023-08-24,-1,FC,2023-08-24 09:35:00-04:00,15203.829,15224.75,14994.75,3,2023-08-24 10:43:00-04:00,14994.75,1249.6739999999984,9.993738349027147,TP
2023-08-25,1,FC,2023-08-25 09:35:00-04:00,14880.129,14856.75,15102.5,3,2023-08-25 10:06:00-04:00,14879.879,-6.300000000000001,-0.010693357286453282,BE
2023-08-31,1,FC,2023-08-31 09:35:00-04:00,15478.079,15454.75,15709.75,3,2023-08-31 12:46:00-04:00,15477.829,-6.300000000000001,-0.010716275879806376,BE
2023-09-08,1,FC,2023-09-08 09:35:00-04:00,15324.969,15302.75,15542.75,3,2023-09-08 09:57:00-04:00,15302.5,-139.61399999999486,-1.011251631486566,SL
2023-09-15,-1,FC,2023-09-15 09:35:00-04:00,15387.299,15408.5,15184.0,3,2023-09-15 13:30:00-04:00,15184.0,1214.9940000000054,9.589123154568624,TP
2023-09-25,-1,FC,2023-09-25 09:35:00-04:00,14634.819,14652.5,14459.25,4,2023-09-25 09:36:00-04:00,14652.75,-149.84800000000396,-1.014139471749335,SL
2023-10-04,1,FC,2023-10-04 09:35:00-04:00,14650.359,14629.25,14859.25,3,2023-10-04 10:02:00-04:00,14629.0,-132.95400000000228,-1.011843289592117,SL
2023-10-11,1,FC,2023-10-11 09:35:00-04:00,15229.849,15205.0,15463.75,2,2023-10-11 09:44:00-04:00,15204.75,-103.59600000000064,-1.0100607670328785,SL
2023-10-16,1,FC,2023-10-16 09:35:00-04:00,15110.639,15084.75,15358.5,2,2023-10-16 09:44:00-04:00,15084.5,-107.75599999999686,-1.0096566109158334,SL
2023-10-20,-1,FC,2023-10-20 09:35:00-04:00,14715.829,14740.5,14466.5,2,2023-10-20 09:37:00-04:00,14740.75,-102.88400000000111,-1.010133354951157,SL
2023-10-25,-1,FC,2023-10-25 09:35:00-04:00,14574.789,14599.5,14325.25,2,2023-10-25 10:39:00-04:00,14575.039,-4.2,-0.010116951964712345,BE
2023-11-08,1,FC,2023-11-08 09:35:00-05:00,15337.147,15314.5,15555.25,3,2023-11-08 09:37:00-05:00,15314.25,-142.18200000000508,-1.0110389897116612,SL
2023-11-20,1,FC,2023-11-20 09:35:00-05:00,15902.167,15885.5,16068.0,4,2023-11-20 10:23:00-05:00,15901.917,-8.4,-0.014999700006000365,BE
2023-11-22,1,FC,2023-11-22 09:35:00-05:00,16086.439,16069.25,16243.0,4,2023-11-22 09:45:00-05:00,16086.189,-8.4,-0.014544185234742891,BE
2023-11-29,1,FC,2023-11-29 09:35:00-05:00,16148.259,16130.5,16300.5,3,2023-11-29 10:04:00-05:00,16130.25,-112.85400000000008,-1.01407736922124,SL
2023-12-01,-1,FC,2023-12-01 09:35:00-05:00,15858.609,15874.5,15699.0,4,2023-12-01 09:37:00-05:00,15874.75,-135.52799999999698,-1.0157321754452209,SL
2023-12-07,1,FC,2023-12-07 09:35:00-05:00,15943.929,15927.75,16103.0,4,2023-12-07 09:35:00-05:00,15927.5,-137.8320000000007,-1.015452129303418,SL
2023-12-11,1,FC,2023-12-11 09:35:00-05:00,16095.619,16079.0,16261.75,4,2023-12-11 09:35:00-05:00,16078.75,-141.35200000000478,-1.0150430230459109,SL
2023-12-12,-1,FC,2023-12-12 09:35:00-05:00,16189.269,16207.25,16019.5,3,2023-12-12 09:37:00-05:00,16207.5,-114.1859999999986,-1.013903564874034,SL
2023-12-13,1,FC,2023-12-13 09:35:00-05:00,16420.359,16403.5,16588.25,4,2023-12-13 09:44:00-05:00,16403.25,-143.27200000000303,-1.014828874784981,SL
2023-12-18,1,FC,2023-12-18 09:35:00-05:00,16652.349,16634.25,16835.5,3,2023-12-18 09:48:00-05:00,16634.0,-114.89399999999004,-1.013812917840766,SL
2023-12-19,1,FC,2023-12-19 09:35:00-05:00,16766.529,16747.5,16951.5,3,2023-12-19 09:37:00-05:00,16747.25,-120.47399999999179,-1.0131378422407913,SL
2023-12-27,1,FC,2023-12-27 09:35:00-05:00,16904.869,16886.75,17081.25,3,2023-12-27 10:11:00-05:00,16886.5,-115.01399999999266,-1.013797670953144,SL
2023-12-28,-1,FC,2023-12-28 09:35:00-05:00,16932.859,16949.0,16766.75,4,2023-12-28 10:48:00-05:00,16949.25,-137.52799999999698,-1.015488507527415,SL
2024-01-02,-1,FC,2024-01-02 09:35:00-05:00,16644.849,16660.25,16486.25,4,2024-01-02 14:55:00-05:00,16486.25,1262.3919999999866,10.297967664436158,TP
2024-01-05,1,FC,2024-01-05 09:35:00-05:00,16325.209,16310.0,16477.75,4,2024-01-05 09:39:00-05:00,16309.75,-130.07200000000594,-1.016437635610493,SL
2024-01-08,1,FC,2024-01-08 09:35:00-05:00,16388.139,16372.25,16534.5,4,2024-01-08 12:06:00-05:00,16534.5,1164.4880000000062,9.211467052678458,TP
2024-01-17,-1,FC,2024-01-17 09:35:00-05:00,16625.559,16643.25,16454.75,4,2024-01-17 09:41:00-05:00,16643.5,-149.92799999999116,-1.0141314792832523,SL
2024-01-18,1,FC,2024-01-18 09:35:00-05:00,16908.393,16890.0,17085.75,3,2024-01-18 09:38:00-05:00,16889.75,-116.65800000000017,-1.0135921274397868,SL
2024-02-20,1,FC,2024-02-20 09:35:00-05:00,17627.125,17606.5,17819.25,3,2024-02-20 09:36:00-05:00,17606.25,-130.05,-1.0121212121212122,SL
2024-02-23,1,FC,2024-02-23 09:35:00-05:00,18086.092,18065.75,18286.0,3,2024-02-23 09:49:00-05:00,18065.5,-128.35200000000333,-1.0122898436731882,SL
2024-02-29,1,FC,2024-02-29 09:35:00-05:00,18020.96,18002.25,18195.5,3,2024-02-29 09:38:00-05:00,18002.0,-118.55999999999476,-1.0133618385889904,SL
2024-03-04,-1,FC,2024-03-04 09:35:00-05:00,18271.458,18290.5,18081.25,3,2024-03-04 09:40:00-05:00,18290.75,-120.55200000000768,-1.0131288730175394,SL
2024-03-05,-1,FC,2024-03-05 09:35:00-05:00,18042.169,18060.5,17858.5,3,2024-03-05 10:01:00-05:00,18042.419,-6.300000000000001,-0.013638099394469643,BE
2024-03-08,1,FC,2024-03-08 09:35:00-05:00,18324.715,18304.25,18518.75,3,2024-03-08 09:35:00-05:00,18304.0,-129.09000000000088,-1.0122159784998777,SL
2024-03-11,-1,FC,2024-03-11 09:35:00-04:00,17897.237,17919.5,17688.5,3,2024-03-11 09:35:00-04:00,17919.75,-139.87799999999407,-1.0112293940618968,SL
2024-03-12,-1,FC,2024-03-12 09:35:00-04:00,18002.469,18022.75,17803.0,3,2024-03-12 09:56:00-04:00,18002.719,-6.300000000000001,-0.01232680834278447,BE
2024-03-13,-1,FC,2024-03-13 09:35:00-04:00,18131.403,18152.75,17921.5,3,2024-03-13 13:08:00-04:00,18131.653,-6.300000000000001,-0.01171124748208093,BE
2024-03-18,1,FC,2024-03-18 09:35:00-04:00,18072.471,18050.5,18283.25,3,2024-03-18 09:57:00-04:00,18050.25,-138.12600000000822,-1.0113786354740333,SL
2024-04-18,-1,FC,2024-04-18 09:35:00-04:00,17478.592,17504.5,17222.0,2,2024-04-18 09:49:00-04:00,17478.842,-4.2,-0.009649529102979981,BE
2024-04-25,-1,FC,2024-04-25 09:35:00-04:00,17181.892,17208.5,16913.0,2,2024-04-25 09:35:00-04:00,17208.75,-110.6320000000007,-1.009395670475045,SL
2024-05-02,-1,FC,2024-05-02 09:35:00-04:00,17432.437,17462.25,17145.75,2,2024-05-02 10:59:00-04:00,17432.687,-4.2,-0.008385603595747304,BE
2024-06-07,-1,FC,2024-06-07 09:35:00-04:00,18957.503,18977.5,18754.5,3,2024-06-07 09:35:00-04:00,18977.75,-126.28199999999633,-1.0125018752812927,SL
2024-06-12,1,FC,2024-06-12 09:35:00-04:00,19404.647,19382.5,19616.5,3,2024-06-12 15:42:00-04:00,19404.397,-6.300000000000001,-0.01128821059285639,BE
2024-06-20,-1,FC,2024-06-20 09:35:00-04:00,19916.692,19938.25,19702.0,3,2024-06-20 09:38:00-04:00,19938.5,-135.64800000000542,-1.0115966230633635,SL
2024-06-27,1,FC,2024-06-27 09:35:00-04:00,19791.012,19771.75,19980.0,3,2024-06-27 09:50:00-04:00,19790.762,-6.300000000000001,-0.0129789222302988,BE
2024-06-28,-1,FC,2024-06-28 09:35:00-04:00,19790.648,19811.0,19597.25,3,2024-06-28 09:35:00-04:00,19811.25,-128.41199999999372,-1.012283805031447,SL
2024-07-02,1,FC,2024-07-02 09:35:00-04:00,19780.937,19760.0,19997.75,3,2024-07-02 10:12:00-04:00,19780.687,-6.300000000000001,-0.011940583655728114,BE
2024-07-17,-1,FC,2024-07-17 09:35:00-04:00,20032.804,20057.5,19792.75,2,2024-07-17 09:35:00-04:00,20057.75,-102.98399999999965,-1.0101230968577908,SL
2024-07-24,-1,FC,2024-07-24 09:35:00-04:00,19410.626,19438.0,19148.75,2,2024-07-24 12:42:00-04:00,19148.75,1044.3040000000008,9.566596040038071,TP
2024-07-26,-1,FC,2024-07-26 09:35:00-04:00,18943.192,18972.5,18644.0,2,2024-07-26 09:35:00-04:00,18972.75,-121.43200000000361,-1.0085300941722395,SL
2024-08-02,-1,FC,2024-08-02 09:35:00-04:00,18415.514,18450.75,18059.75,2,2024-08-02 09:36:00-04:00,18451.0,-145.14400000000313,-1.007095016460438,SL
2024-08-29,1,FC,2024-08-29 09:35:00-04:00,19525.315,19495.75,19826.0,2,2024-08-29 09:39:00-04:00,19495.5,-122.45999999999476,-1.0084559445290042,SL
2024-09-03,-1,FC,2024-09-03 09:35:00-04:00,19372.148,19402.75,19083.25,2,2024-09-03 13:13:00-04:00,19083.25,1152.3920000000041,9.440494085354256,TP
2024-09-04,1,FC,2024-09-04 09:35:00-04:00,18875.549,18843.5,19185.0,2,2024-09-04 09:36:00-04:00,18843.25,-132.39599999999626,-1.0078005553995446,SL
2024-09-16,-1,FC,2024-09-16 09:35:00-04:00,19328.315,19363.75,18974.75,2,2024-09-16 09:38:00-04:00,19364.0,-145.94000000000523,-1.0070551714406657,SL
2024-09-25,1,FC,2024-09-25 09:35:00-04:00,19959.771,19930.0,20258.25,2,2024-09-25 09:42:00-04:00,19929.75,-123.28400000000256,-1.0083974337442476,SL
2024-10-01,-1,FC,2024-10-01 09:35:00-04:00,19963.948,19991.5,19698.5,2,2024-10-01 10:28:00-04:00,19698.5,1058.5920000000012,9.634436701509996,TP
2024-10-03,1,FC,2024-10-03 09:35:00-04:00,19772.947,19747.75,20013.25,2,2024-10-03 09:40:00-04:00,19747.5,-104.98800000000047,-1.009921816089217,SL
2024-10-14,1,FC,2024-10-14 09:35:00-04:00,20406.039,20380.0,20651.0,2,2024-10-14 10:52:00-04:00,20405.789,-4.2,-0.009600983140673359,BE
2024-10-16,-1,FC,2024-10-16 09:35:00-04:00,20128.16,20154.5,19871.0,2,2024-10-16 10:13:00-04:00,20128.41,-4.2,-0.009491268033409212,BE
2024-10-25,1,FC,2024-10-25 09:35:00-04:00,20392.426,20369.25,20621.75,3,2024-10-25 13:35:00-04:00,20392.176,-6.300000000000001,-0.010787021056265346,BE
2024-10-29,-1,FC,2024-10-29 09:35:00-04:00,20300.693,20325.75,20072.5,2,2024-10-29 09:36:00-04:00,20326.0,-104.4280000000028,-1.0099772518657457,SL
2024-10-30,-1,FC,2024-10-30 09:35:00-04:00,20476.892,20501.75,20242.25,2,2024-10-30 09:55:00-04:00,20477.142,-4.2,-0.010057124466972333,BE
2024-11-04,-1,FC,2024-11-04 09:35:00-05:00,19928.582,19952.0,19687.5,3,2024-11-04 09:41:00-05:00,19952.25,-146.80800000000892,-1.0106755487232038,SL
2024-11-05,1,FC,2024-11-05 09:35:00-05:00,20094.049,20069.0,20336.0,2,2024-11-05 15:54:00-05:00,20202.148,429.1960000000079,4.31550161683125,TIME
2024-11-06,1,FC,2024-11-06 09:35:00-05:00,20605.271,20579.25,20851.5,2,2024-11-06 09:46:00-05:00,20605.021,-4.2,-0.009607624610890967,BE
2024-11-07,1,FC,2024-11-07 09:35:00-05:00,20916.371,20892.75,21155.25,3,2024-11-07 15:54:00-05:00,21091.649,1046.8680000000124,7.420430972440122,TIME
2024-11-15,-1,FC,2024-11-15 09:35:00-05:00,20628.193,20653.5,20389.0,2,2024-11-15 11:58:00-05:00,20389.0,953.5719999999972,9.451653692653919,TP
2024-11-18,-1,FC,2024-11-18 09:35:00-05:00,20434.937,20458.25,20194.75,3,2024-11-18 09:39:00-05:00,20458.5,-146.1779999999897,-1.0107236305923741,SL
2024-11-20,-1,FC,2024-11-20 09:35:00-05:00,20634.547,20657.75,20397.75,3,2024-11-20 10:20:00-05:00,20397.75,1415.981999999992,10.205447571434082,TP
2024-11-22,1,FC,2024-11-22 09:35:00-05:00,20745.482,20721.0,20992.25,2,2024-11-22 09:37:00-05:00,20720.75,-102.12799999999989,-1.0102115840209134,SL
2024-11-26,1,FC,2024-11-26 09:35:00-05:00,20918.915,20894.0,21165.75,2,2024-11-26 09:41:00-05:00,20893.75,-103.8600000000035,-1.0100341159943806,SL
2024-12-02,1,FC,2024-12-02 09:35:00-05:00,21056.836,21031.75,21293.75,2,2024-12-02 15:54:00-05:00,21154.604,387.8720000000001,3.897313242446091,TIME
2024-12-06,1,FC,2024-12-06 09:35:00-05:00,21475.179,21451.75,21706.25,3,2024-12-06 15:54:00-05:00,21607.681,790.2120000000025,5.655469717017368,TIME
2024-12-09,-1,FC,2024-12-09 09:35:00-05:00,21549.325,21570.5,21317.75,3,2024-12-09 09:36:00-05:00,21570.75,-133.34999999999565,-1.0118063754427395,SL
2024-12-16,1,FC,2024-12-16 09:35:00-05:00,21903.293,21883.0,22098.5,3,2024-12-16 09:38:00-05:00,21882.75,-128.05800000000892,-1.0123195190459755,SL
2024-12-17,-1,FC,2024-12-17 09:35:00-05:00,21977.858,21996.75,21773.25,3,2024-12-17 09:41:00-05:00,21997.0,-119.65199999999895,-1.0132331145458395,SL
2024-12-18,-1,FC,2024-12-18 09:35:00-05:00,21909.326,21928.5,21717.5,3,2024-12-18 09:39:00-05:00,21928.75,-121.34399999999441,-1.013038489621363,SL
2024-12-27,-1,FC,2024-12-27 09:35:00-05:00,21545.434,21575.25,21248.75,2,2024-12-27 15:54:00-05:00,21455.058,358.3040000000008,3.031124228602212,TIME
2024-12-30,-1,FC,2024-12-30 09:35:00-05:00,21129.059,21161.25,20815.25,2,2024-12-30 09:38:00-05:00,21161.5,-132.96399999999556,-1.007766145817154,SL
2025-01-02,-1,FC,2025-01-02 09:35:00-05:00,21062.204,21094.75,20731.25,2,2025-01-02 09:48:00-05:00,21062.454,-4.2,-0.00768143550666785,BE
2025-01-03,1,FC,2025-01-03 09:35:00-05:00,21140.226,21106.25,21485.25,2,2025-01-03 09:51:00-05:00,21139.976,-4.2,-0.007358135154226784,BE
2025-01-06,1,FC,2025-01-06 09:35:00-05:00,21583.958,21548.5,21931.75,2,2025-01-06 12:42:00-05:00,21583.708,-4.2,-0.007050595070224181,BE
2025-01-16,-1,FC,2025-01-16 09:35:00-05:00,21261.637,21292.75,20943.25,2,2025-01-16 09:40:00-05:00,21293.0,-128.65200000000476,-1.0080352264326806,SL
2025-01-22,1,FC,2025-01-22 09:35:00-05:00,21815.347,21783.5,22119.0,2,2025-01-22 09:36:00-05:00,21783.25,-131.58800000000628,-1.007850032970138,SL
2025-01-27,1,FC,2025-01-27 09:35:00-05:00,21104.815,21078.25,21376.75,2,2025-01-27 09:36:00-05:00,21078.0,-110.45999999999476,-1.009410878976097,SL
2025-01-28,-1,FC,2025-01-28 09:35:00-05:00,21132.647,21160.5,20859.75,2,2025-01-28 09:52:00-05:00,21132.897,-4.2,-0.008975693821132646,BE
2025-01-29,-1,FC,2025-01-29 09:35:00-05:00,21416.247,21444.5,21126.5,2,2025-01-29 09:35:00-05:00,21444.75,-117.21200000000245,-1.0088486178458922,SL
2025-01-30,-1,FC,2025-01-30 09:35:00-05:00,21501.136,21527.25,21231.75,2,2025-01-30 09:39:00-05:00,21527.5,-108.65600000000559,-1.0095734088994404,SL
2025-02-07,1,FC,2025-02-07 09:35:00-05:00,21850.239,21820.75,22130.5,2,2025-02-07 09:56:00-05:00,21820.5,-122.15600000000559,-1.008477737461426,SL
2025-02-13,1,FC,2025-02-13 09:35:00-05:00,21850.781,21820.5,22148.25,2,2025-02-13 09:37:00-05:00,21820.25,-125.32399999999616,-1.0082560021135367,SL
2025-02-26,-1,FC,2025-02-26 09:35:00-05:00,21146.436,21174.0,20873.75,2,2025-02-26 09:37:00-05:00,21174.25,-114.45599999999395,-1.0090698011899584,SL
2025-02-28,-1,FC,2025-02-28 09:35:00-05:00,20418.592,20449.75,20095.25,2,2025-02-28 09:35:00-05:00,20450.0,-128.83199999999778,-1.0080236215418192,SL
2025-03-10,-1,FC,2025-03-10 09:35:00-04:00,19790.482,19836.5,19323.0,1,2025-03-10 09:40:00-04:00,19836.75,-94.13600000000005,-1.0054326567864749,SL
2025-03-14,1,FC,2025-03-14 09:35:00-04:00,19524.539,19471.75,20044.5,1,2025-03-14 10:00:00-04:00,19471.5,-107.67800000000133,-1.0047358351171645,SL
2025-03-17,1,FC,2025-03-17 09:35:00-04:00,19742.793,19691.5,20257.25,1,2025-03-17 10:30:00-04:00,19691.25,-104.68600000000296,-1.0048739594096658,SL
2025-03-18,-1,FC,2025-03-18 09:35:00-04:00,19623.37,19675.5,19115.75,1,2025-03-18 15:54:00-04:00,19484.747,275.64599999999916,2.6591789756377686,TIME
2025-03-28,-1,FC,2025-03-28 09:35:00-04:00,19677.746,19712.25,19323.5,2,2025-03-28 09:36:00-04:00,19712.5,-142.21600000000325,-1.0072455367493622,SL
2025-03-31,-1,FC,2025-03-31 09:35:00-04:00,18853.78,18888.5,18508.75,2,2025-03-31 09:36:00-04:00,18888.75,-143.08000000000465,-1.0072004608294929,SL
2025-04-09,1,FC,2025-04-09 09:35:00-04:00,17146.481,17089.75,17706.5,1,2025-04-09 10:52:00-04:00,17146.231,-2.1,-0.004406761735206519,BE
2025-04-17,-1,FC,2025-04-17 09:35:00-04:00,18295.725,18377.0,17496.0,1,2025-04-17 09:53:00-04:00,18377.25,-164.6500000000029,-1.0030759766225776,SL
2025-05-08,-1,FC,2025-05-08 09:35:00-04:00,20029.125,20066.25,19673.25,1,2025-05-08 10:34:00-04:00,20029.375,-2.1,-0.006734006734006734,BE
2025-05-13,1,FC,2025-05-13 09:35:00-04:00,20955.503,20922.25,21293.0,2,2025-05-13 15:54:00-04:00,21195.815,958.0479999999923,7.226776531440581,TIME
2025-05-14,1,FC,2025-05-14 09:35:00-04:00,21311.803,21278.25,21643.75,2,2025-05-14 09:40:00-04:00,21278.0,-138.41199999999952,-1.0074508985783686,SL
2025-05-19,1,FC,2025-05-19 09:35:00-04:00,21169.382,21139.25,21461.75,2,2025-05-19 13:08:00-04:00,21461.75,1166.2719999999943,9.702907208283046,TP
2025-05-22,-1,FC,2025-05-22 09:35:00-04:00,21052.571,21082.25,20772.0,2,2025-05-22 09:35:00-04:00,21082.5,-122.91600000000035,-1.0084234644024395,SL
2025-05-29,-1,FC,2025-05-29 09:35:00-04:00,21558.581,21582.5,21282.5,3,2025-05-29 11:58:00-04:00,21282.5,1651.68599999999,11.542330364980929,TP
2025-05-30,-1,FC,2025-05-30 09:35:00-04:00,21297.426,21326.75,21025.0,2,2025-05-30 10:06:00-04:00,21297.676,-4.2,-0.008525439912699342,BE
2025-06-02,1,FC,2025-06-02 09:35:00-04:00,21361.404,21333.5,21646.75,2,2025-06-02 09:47:00-04:00,21333.25,-115.81599999999453,-1.008959288990826,SL
2025-06-13,1,FC,2025-06-13 09:35:00-04:00,21747.282,21718.0,22002.5,2,2025-06-13 09:37:00-04:00,21717.75,-121.32799999999698,-1.0085376681920637,SL
2025-06-16,1,FC,2025-06-16 09:35:00-04:00,21834.936,21809.5,22092.75,2,2025-06-16 15:54:00-04:00,21926.26,362.09599999998755,3.59034439377227,TIME
2025-06-18,-1,FC,2025-06-18 09:35:00-04:00,21699.014,21725.25,21448.0,2,2025-06-18 09:37:00-04:00,21725.5,-109.14400000000315,-1.0095288915993288,SL
2025-06-30,-1,FC,2025-06-30 09:35:00-04:00,22606.87,22630.5,22379.25,3,2025-06-30 10:11:00-04:00,22630.75,-148.08000000000612,-1.0105797714769356,SL
2025-07-08,-1,FC,2025-07-08 09:35:00-04:00,22705.392,22729.5,22479.25,2,2025-07-08 10:32:00-04:00,22705.642,-4.2,-0.010370001659200191,BE
2025-07-09,1,FC,2025-07-09 09:35:00-04:00,22831.037,22807.75,23047.75,3,2025-07-09 10:30:00-04:00,22830.787,-6.300000000000001,-0.010735603555631777,BE
2025-07-23,-1,FC,2025-07-23 09:35:00-04:00,23066.758,23086.75,22874.5,3,2025-07-23 11:51:00-04:00,23067.008,-6.300000000000001,-0.01250500200080134,BE
2025-07-29,1,FC,2025-07-29 09:35:00-04:00,23493.658,23475.0,23668.5,3,2025-07-29 09:46:00-04:00,23474.75,-118.24799999999668,-1.0133990781434241,SL
2025-07-31,-1,FC,2025-07-31 09:35:00-04:00,23544.46,23563.0,23362.75,3,2025-07-31 09:53:00-04:00,23544.71,-6.300000000000001,-0.013484358144551685,BE
2025-08-01,-1,FC,2025-08-01 09:35:00-04:00,22889.447,22911.75,22689.0,3,2025-08-01 10:01:00-04:00,22689.0,1197.8820000000007,8.987445635116405,TP
2025-08-04,1,FC,2025-08-04 09:35:00-04:00,23012.092,22992.25,23221.25,3,2025-08-04 15:54:00-04:00,23171.303,950.465999999996,8.023939119040161,TIME
2025-08-05,-1,FC,2025-08-05 09:35:00-04:00,23192.559,23214.0,22981.5,3,2025-08-05 09:35:00-04:00,23214.25,-134.94599999999338,-1.0116599039223924,SL
2025-08-06,1,FC,2025-08-06 09:35:00-04:00,23108.436,23088.0,23322.0,3,2025-08-06 09:36:00-04:00,23087.75,-128.9160000000091,-1.0122333137600303,SL
2025-08-11,-1,FC,2025-08-11 09:35:00-04:00,23582.558,23605.75,23347.75,3,2025-08-11 09:38:00-04:00,23606.0,-145.4519999999946,-1.0107795791652299,SL
2025-08-15,-1,FC,2025-08-15 09:35:00-04:00,23765.092,23790.0,23515.5,2,2025-08-15 09:36:00-04:00,23790.25,-103.83199999999779,-1.0100369359242012,SL
2025-08-19,-1,FC,2025-08-19 09:35:00-04:00,23584.482,23609.5,23338.25,2,2025-08-19 09:37:00-04:00,23609.75,-104.27200000000012,-1.0099928051802702,SL
2025-08-20,-1,FC,2025-08-20 09:35:00-04:00,23290.747,23316.25,23036.25,2,2025-08-20 10:08:00-04:00,23036.25,1014.7879999999975,9.979100497980367,TP
2025-08-26,1,FC,2025-08-26 09:35:00-04:00,23436.459,23411.0,23690.0,2,2025-08-26 09:38:00-04:00,23410.75,-106.0359999999957,-1.0098197101221575,SL
2025-08-28,1,FC,2025-08-28 09:35:00-04:00,23668.503,23644.0,23913.5,2,2025-08-28 09:35:00-04:00,23643.75,-102.21200000000245,-1.010202832306248,SL
2025-09-08,1,FC,2025-09-08 09:35:00-04:00,23786.294,23759.75,24046.0,2,2025-09-08 10:18:00-04:00,23786.044,-4.2,-0.009418324291741415,BE
2025-09-15,1,FC,2025-09-15 09:35:00-04:00,24183.403,24161.0,24411.75,3,2025-09-15 15:54:00-04:00,24268.816,507.6780000000028,3.8125697451237093,TIME
2025-09-22,1,FC,2025-09-22 09:35:00-04:00,24601.029,24580.5,24803.75,3,2025-09-22 09:40:00-04:00,24580.25,-129.4739999999918,-1.0121778946855675,SL
2025-09-24,-1,FC,2025-09-24 09:35:00-04:00,24599.033,24619.25,24397.5,3,2025-09-24 12:12:00-04:00,24397.5,1204.3979999999967,9.968491863283075,TP
2025-09-25,-1,FC,2025-09-25 09:35:00-04:00,24281.727,24302.25,24080.75,3,2025-09-25 09:50:00-04:00,24281.977,-6.300000000000001,-0.012181454952978963,BE
2025-09-26,1,FC,2025-09-26 09:35:00-04:00,24464.87,24445.25,24657.25,3,2025-09-26 09:36:00-04:00,24445.0,-124.01999999999389,-1.0127420998980639,SL
2025-09-29,1,FC,2025-09-29 09:35:00-04:00,24647.414,24627.5,24846.5,3,2025-09-29 11:16:00-04:00,24647.164,-6.300000000000001,-0.012553982123129035,BE
2025-10-01,1,FC,2025-10-01 09:35:00-04:00,24594.436,24575.0,24794.25,3,2025-10-01 09:47:00-04:00,24574.75,-122.91600000000908,-1.0128627289565744,SL
2025-10-08,1,FC,2025-10-08 09:35:00-04:00,24923.779,24902.0,25146.75,3,2025-10-08 15:54:00-04:00,25128.814,1225.4099999999992,9.414344092934144,TIME
2025-10-13,-1,FC,2025-10-13 09:35:00-04:00,24583.779,24612.0,24302.25,2,2025-10-13 09:43:00-04:00,24612.25,-117.08400000000547,-1.0088586513589166,SL
2025-10-14,-1,FC,2025-10-14 09:35:00-04:00,24384.022,24412.75,24103.0,2,2025-10-14 09:55:00-04:00,24384.272,-4.2,-0.008702311333890538,BE
2025-10-16,1,FC,2025-10-16 09:35:00-04:00,24916.816,24886.0,25229.5,2,2025-10-16 09:37:00-04:00,24885.75,-127.46399999999558,-1.0081126687435102,SL
2025-10-17,1,FC,2025-10-17 09:35:00-04:00,24610.264,24580.5,24948.75,2,2025-10-17 09:39:00-04:00,24580.25,-123.25599999999686,-1.008399408681629,SL
2025-10-20,1,FC,2025-10-20 09:35:00-04:00,25022.029,24986.5,25369.5,2,2025-10-20 15:54:00-04:00,25158.414,542.3400000000081,3.8386951504406905,TIME
2025-10-22,-1,FC,2025-10-22 09:35:00-04:00,25023.794,25057.75,24684.5,2,2025-10-22 09:39:00-04:00,25058.0,-140.02399999999324,-1.0073624690776302,SL
2025-10-30,-1,FC,2025-10-30 09:35:00-04:00,25901.838,25938.5,25540.75,1,2025-10-30 09:48:00-04:00,25902.088,-2.1,-0.006819049697234144,BE
2025-11-04,-1,FC,2025-11-04 09:35:00-05:00,25546.805,25577.75,25249.25,2,2025-11-04 09:36:00-05:00,25578.0,-127.97999999999884,-1.0080788495718211,SL
2025-11-07,-1,FC,2025-11-07 09:35:00-05:00,24948.566,24977.5,24660.25,2,2025-11-07 11:38:00-05:00,24660.25,1150.0639999999955,9.964609110388743,TP
2025-11-10,1,FC,2025-11-10 09:35:00-05:00,25464.899,25434.25,25769.75,2,2025-11-10 10:51:00-05:00,25464.649,-4.2,-0.008156872981173605,BE
2025-11-12,-1,FC,2025-11-12 09:35:00-05:00,25572.047,25604.75,25278.0,2,2025-11-12 15:54:00-05:00,25515.132,224.45999999998895,1.7403602116012264,TIME
2025-11-13,-1,FC,2025-11-13 09:35:00-05:00,25331.945,25362.25,25034.75,2,2025-11-13 10:08:00-05:00,25332.195,-4.2,-0.008249463784853906,BE
2025-11-14,-1,FC,2025-11-14 09:35:00-05:00,24549.077,24582.0,24226.5,2,2025-11-14 09:35:00-05:00,24582.25,-135.89199999999545,-1.007593475685691,SL
2025-11-24,1,FC,2025-11-24 09:35:00-05:00,24613.399,24563.0,25109.75,1,2025-11-24 09:40:00-05:00,24562.75,-102.8980000000025,-1.0049604158812673,SL
2025-12-16,1,FC,2025-12-16 09:35:00-05:00,25018.279,24986.5,25338.5,2,2025-12-16 09:40:00-05:00,25018.029,-4.2,-0.007866830296737178,BE
2025-12-19,1,FC,2025-12-19 09:35:00-05:00,25218.305,25187.0,25525.5,2,2025-12-19 09:37:00-05:00,25186.75,-129.42000000000115,-1.0079859447372623,SL
2026-01-07,1,FC,2026-01-07 09:35:00-05:00,25639.458,25614.0,25895.0,2,2026-01-07 10:01:00-05:00,25639.208,-4.2,-0.009820095844135932,BE
2026-01-12,1,FC,2026-01-12 09:35:00-05:00,25688.664,25665.75,25916.5,3,2026-01-12 15:54:00-05:00,25804.978,693.083999999991,5.076110674696477,TIME
2026-01-13,1,FC,2026-01-13 09:35:00-05:00,25819.219,25795.75,26049.5,3,2026-01-13 09:43:00-05:00,25818.969,-6.300000000000001,-0.010652349908389355,BE
2026-01-20,1,FC,2026-01-20 09:35:00-05:00,25195.779,25167.75,25459.5,2,2026-01-20 09:35:00-05:00,25167.5,-116.31599999999453,-1.0089193335473978,SL
2026-01-29,-1,FC,2026-01-29 09:35:00-05:00,25969.269,25998.25,25685.25,2,2026-01-29 10:00:00-05:00,25685.25,1132.8760000000009,9.800179427901126,TP
2026-01-30,1,FC,2026-01-30 09:35:00-05:00,25772.142,25741.25,26086.0,2,2026-01-30 09:37:00-05:00,25741.0,-127.7679999999993,-1.0080927100867538,SL
2026-02-02,1,FC,2026-02-02 09:35:00-05:00,25524.903,25492.75,25837.25,2,2026-02-02 15:54:00-05:00,25732.061,825.4320000000123,6.442882468199334,TIME
2026-02-03,-1,FC,2026-02-03 09:35:00-05:00,25764.255,25796.25,25441.75,2,2026-02-03 10:07:00-05:00,25441.75,1286.820000000004,10.079856227535906,TP
2026-02-04,-1,FC,2026-02-04 09:35:00-05:00,25182.114,25219.0,24825.5,1,2026-02-04 09:35:00-05:00,25219.25,-75.8719999999972,-1.0067776392127097,SL
2026-02-06,1,FC,2026-02-06 09:35:00-05:00,24766.436,24728.0,25150.5,1,2026-02-06 09:36:00-05:00,24727.75,-78.97200000000302,-1.0065043188677278,SL
2026-02-17,1,FC,2026-02-17 09:35:00-05:00,24688.969,24644.25,25136.75,1,2026-02-17 09:43:00-05:00,24644.0,-91.53800000000192,-1.0055904649030611,SL
2026-02-24,-1,FC,2026-02-24 09:35:00-05:00,24687.186,24732.75,24236.25,1,2026-02-24 09:38:00-05:00,24733.0,-93.22799999999697,-1.0054867878149418,SL
2026-02-25,1,FC,2026-02-25 09:35:00-05:00,25171.372,25128.75,25597.5,1,2026-02-25 15:54:00-05:00,25337.144,329.94400000000167,3.889352916334363,TIME
2026-02-26,-1,FC,2026-02-26 09:35:00-05:00,25225.029,25264.5,24824.25,1,2026-02-26 10:34:00-05:00,24824.25,799.9579999999972,10.153758455574593,TP
2026-03-02,1,FC,2026-03-02 09:35:00-05:00,24794.355,24755.5,25179.75,1,2026-03-02 15:54:00-05:00,25001.373,412.43600000000004,5.327962939132734,TIME
2026-03-04,1,FC,2026-03-04 09:35:00-05:00,24929.805,24889.25,25334.5,1,2026-03-04 09:36:00-05:00,24872.294,-116.6219999999972,-1.4180988780667783,SL
2026-03-09,1,FC,2026-03-09 09:35:00-04:00,24452.066,24412.25,24829.5,1,2026-03-09 09:36:00-04:00,24412.0,-81.73199999999778,-1.0062788828611615,SL
2026-03-11,1,FC,2026-03-11 09:35:00-04:00,25052.627,25013.0,25449.5,1,2026-03-11 09:48:00-04:00,25012.75,-81.35400000000081,-1.0063088298382414,SL
2026-03-17,1,FC,2026-03-17 09:35:00-04:00,24826.219,24787.0,25213.25,1,2026-03-17 10:15:00-04:00,24786.75,-80.53800000000192,-1.006374461358015,SL
2026-03-19,-1,FC,2026-03-19 09:35:00-04:00,24135.599,24174.5,23756.0,1,2026-03-19 09:38:00-04:00,24174.75,-79.90200000000331,-1.0064265700110535,SL
2026-03-20,-1,FC,2026-03-20 09:35:00-04:00,24182.653,24220.0,23810.5,1,2026-03-20 09:42:00-04:00,24220.25,-76.79400000000314,-1.0066939780973034,SL
2026-03-27,-1,FC,2026-03-27 09:35:00-04:00,23369.769,23405.75,23013.75,2,2026-03-27 09:38:00-04:00,23406.0,-148.12399999999906,-1.0069481115032934,SL
2026-03-31,1,FC,2026-03-31 09:35:00-04:00,23276.099,23241.75,23621.75,2,2026-03-31 09:36:00-04:00,23241.5,-141.59599999999335,-1.0072782322629483,SL
2026-04-14,1,FC,2026-04-14 09:35:00-04:00,25558.283,25521.0,25925.25,1,2026-04-14 15:54:00-04:00,25797.16,476.1540000000008,6.407129254620174,TIME
2026-04-16,-1,FC,2026-04-16 09:35:00-04:00,26232.469,26271.5,25848.75,1,2026-04-16 10:45:00-04:00,26232.719,-2.1,-0.006405165125157084,BE
2026-04-21,-1,FC,2026-04-21 09:35:00-04:00,26604.947,26639.75,26261.25,2,2026-04-21 09:52:00-04:00,26640.0,-143.41199999999952,-1.0071832887969427,SL
2026-04-27,-1,FC,2026-04-27 09:35:00-04:00,27232.566,27265.0,26908.0,2,2026-04-27 09:37:00-04:00,27265.25,-133.9360000000044,-1.0077079607818953,SL
2026-04-29,-1,FC,2026-04-29 09:35:00-04:00,27010.988,27044.25,26715.5,2,2026-04-29 09:37:00-04:00,27044.5,-137.24799999999522,-1.0075160844206605,SL
2026-05-01,1,FC,2026-05-01 09:35:00-04:00,27608.794,27577.5,27920.75,2,2026-05-01 15:54:00-04:00,27721.675,448.32399999999035,3.607113184635761,TIME
2026-05-05,1,FC,2026-05-05 09:35:00-04:00,27908.631,27876.75,28210.5,2,2026-05-05 15:54:00-04:00,27996.653,348.88799999998884,2.7609548006647793,TIME
2026-05-08,1,FC,2026-05-08 09:35:00-04:00,28849.794,28818.5,29157.75,2,2026-05-08 13:02:00-04:00,29157.75,1228.6239999999932,9.84073624336875,TP
2026-05-20,1,FC,2026-05-20 09:35:00-04:00,29042.146,29002.25,29436.25,1,2026-05-20 09:35:00-04:00,29002.0,-81.89200000000127,-1.0062662923601362,SL
2026-05-22,1,FC,2026-05-22 09:35:00-04:00,29571.055,29530.75,29969.75,1,2026-05-22 09:50:00-04:00,29530.5,-82.71000000000058,-1.0062027043791093,SL
2026-06-02,-1,FC,2026-06-02 09:35:00-04:00,30422.142,30462.0,30029.0,1,2026-06-02 09:45:00-04:00,30462.25,-81.81600000000034,-1.0062722665462391,SL
2026-06-03,-1,FC,2026-06-03 09:35:00-04:00,30667.529,30706.0,30293.25,1,2026-06-03 10:29:00-04:00,30667.779,-2.1,-0.006498401393257028,BE
2026-06-11,-1,FC,2026-06-11 09:35:00-04:00,28652.631,28706.25,28137.25,1,2026-06-11 09:36:00-04:00,28706.5,-109.33799999999755,-1.004662526343274,SL
2026-06-12,-1,FC,2026-06-12 09:35:00-04:00,29313.182,29368.75,28755.0,1,2026-06-12 09:35:00-04:00,29369.0,-113.2359999999986,-1.0044989922257415,SL
2026-06-26,-1,FC,2026-06-26 09:35:00-04:00,28933.871,29004.0,28237.25,1,2026-06-26 09:35:00-04:00,29004.25,-142.35800000000162,-1.0035648590454733,SL
2026-06-29,1,FC,2026-06-29 09:35:00-04:00,29472.272,29402.25,30175.25,1,2026-06-29 09:36:00-04:00,29402.0,-142.14400000000168,-1.0035703064751078,SL
2026-07-01,-1,FC,2026-07-01 09:35:00-04:00,29853.404,29916.5,29246.25,1,2026-07-01 09:41:00-04:00,29916.75,-128.29200000000273,-1.0039622163053123,SL
2026-07-06,1,FC,2026-07-06 09:35:00-04:00,29693.826,29636.0,30269.75,1,2026-07-06 09:36:00-04:00,29635.75,-117.75200000000186,-1.004323314771902,SL
2026-07-07,-1,FC,2026-07-07 09:35:00-04:00,29291.392,29348.25,28732.25,1,2026-07-07 09:42:00-04:00,29348.5,-115.81600000000034,-1.0043969186394175,SL
2026-07-08,1,FC,2026-07-08 09:35:00-04:00,29072.27,29014.25,29643.75,1,2026-07-08 10:15:00-04:00,29014.0,-118.14000000000087,-1.004308859014133,SL
2026-07-10,1,FC,2026-07-10 09:35:00-04:00,29692.964,29637.75,30238.75,1,2026-07-10 09:40:00-04:00,29637.5,-112.52799999999988,-1.0045278371427537,SL
2026-07-13,-1,FC,2026-07-13 09:35:00-04:00,29442.558,29494.5,28893.0,1,2026-07-13 10:00:00-04:00,29442.808,-2.1,-0.004813060721574147,BE
2026-07-17,-1,FC,2026-07-17 09:35:00-04:00,28366.825,28414.75,27873.25,1,2026-07-17 09:52:00-04:00,28367.075,-2.1,-0.005216484089723606,BE
2026-07-20,1,FC,2026-07-20 09:35:00-04:00,28960.492,28908.75,29459.25,1,2026-07-20 09:51:00-04:00,28908.5,-105.58399999999673,-1.004831664798423,SL
2026-07-27,-1,FC,2026-07-27 09:35:00-04:00,28384.415,28425.0,27961.0,1,2026-07-27 09:35:00-04:00,28425.25,-83.26999999999825,-1.0061599112972774,SL
2026-08-04,1,FC,2026-08-04 09:35:00-04:00,29259.669,29207.0,29772.75,1,2026-08-04 15:00:00-04:00,29772.75,1024.5619999999967,9.741612713360457,TP
2026-08-07,1,FC,2026-08-07 09:35:00-04:00,29693.082,29641.75,30207.25,1,2026-08-07 09:35:00-04:00,29641.5,-104.76399999999703,-1.0048702563702954,SL
2026-08-10,-1,FC,2026-08-10 09:35:00-04:00,29626.982,29678.5,29123.0,1,2026-08-10 09:36:00-04:00,29678.75,-105.13600000000005,-1.004852672852207,SL
2026-08-24,-1,FC,2026-08-24 09:35:00-04:00,29037.848,29071.25,28705.75,2,2026-08-24 11:29:00-04:00,29038.098,-4.2,-0.007484581761571562,BE
2026-08-25,1,FC,2026-08-25 09:35:00-04:00,29300.393,29269.75,29600.25,2,2026-08-25 09:36:00-04:00,29269.5,-126.77200000000012,-1.0081584701236823,SL
2026-08-27,-1,FC,2026-08-27 09:35:00-04:00,29399.681,29426.0,29132.25,2,2026-08-27 09:40:00-04:00,29426.25,-109.47599999999802,-1.009498841141381,SL
2026-09-21,1,FC,2026-09-21 09:35:00-04:00,29963.46,29935.75,30234.75,2,2026-09-21 10:36:00-04:00,30234.75,1081.9600000000034,9.79032840129951,TP
2026-09-23,-1,FC,2026-09-23 09:35:00-04:00,30629.015,30660.0,30327.25,2,2026-09-23 15:54:00-04:00,30423.236,819.9159999999945,6.641245764079224,TIME
